-- Insert into Usuario
INSERT INTO usuario (id, name, email, telefone, data_aniversario)
VALUES
    ('10000000-0000-0000-0000-000000000001', 'Alice Martins', 'alice.martins@example.com', '111111111', '1991-02-01'),
    ('10000000-0000-0000-0000-000000000002', 'Bruno Rocha', 'bruno.rocha@example.com', '222222222', '1989-06-12'),
    ('10000000-0000-0000-0000-000000000003', 'Camila Souza', 'camila.souza@example.com', '333333333', '1993-09-23'),
    ('10000000-0000-0000-0000-000000000004', 'Daniel Lima', 'daniel.lima@example.com', '444444444', '1987-12-10'),
    ('10000000-0000-0000-0000-000000000005', 'Eduarda Alves', 'eduarda.alves@example.com', '555555555', '1990-04-04');

-- Insert into Endereco
INSERT INTO endereco (id, logradouro, numero, complemento, bairro, cidade, estado, cep)
VALUES
    ('20000000-0000-0000-0000-000000000001', 'Rua das Flores', '101', NULL, 'Jardim', 'Floripa', 'SC', '88000-000'),
    ('20000000-0000-0000-0000-000000000002', 'Av. Brasil', '202', 'Bloco B', 'Centro', 'Curitiba', 'PR', '80000-000'),
    ('20000000-0000-0000-0000-000000000003', 'Rua Central', '303', NULL, 'Bela Vista', 'Porto Alegre', 'RS', '90000-000'),
    ('20000000-0000-0000-0000-000000000004', 'Av. Paulista', '404', 'Ap 12', 'Paulista', 'São Paulo', 'SP', '01310-000'),
    ('20000000-0000-0000-0000-000000000005', 'Rua do Comércio', '505', NULL, 'Centro', 'Belo Horizonte', 'MG', '30000-000');

-- Insert into Estacionamento
INSERT INTO estacionamento (id, razao_social, nome_fantasia, cnpj, endereco_id, vagas, proprietario_id)
VALUES
    ('30000000-0000-0000-0000-000000000001', 'Estacione Bem LTDA', 'EB Parking', '11111111000100', '20000000-0000-0000-0000-000000000001', 100, '10000000-0000-0000-0000-000000000001'),
    ('30000000-0000-0000-0000-000000000002', 'AutoPark Serviços', 'AutoPark', '22222222000100', '20000000-0000-0000-0000-000000000002', 80, '10000000-0000-0000-0000-000000000002'),
    ('30000000-0000-0000-0000-000000000003', 'Central Park Ltda', 'Central Park', '33333333000100', '20000000-0000-0000-0000-000000000003', 60, '10000000-0000-0000-0000-000000000003'),
    ('30000000-0000-0000-0000-000000000004', 'Max Parking S/A', 'Max Park', '44444444000100', '20000000-0000-0000-0000-000000000004', 70, '10000000-0000-0000-0000-000000000004'),
    ('30000000-0000-0000-0000-000000000005', 'BH Park Ltda', 'BH Park', '55555555000100', '20000000-0000-0000-0000-000000000005', 50, '10000000-0000-0000-0000-000000000005');

-- Insert into Veiculo
INSERT INTO veiculo (id, placa, modelo, cor, marca, tipo_veiculo, proprietario_id)
VALUES
    ('40000000-0000-0000-0000-000000000001', 'DEF1234', 'Uno', 'Cinza', 'Fiat', 1, '10000000-0000-0000-0000-000000000001'),
    ('40000000-0000-0000-0000-000000000002', 'GHI5678', 'Civic', 'Preto', 'Honda', 1, '10000000-0000-0000-0000-000000000002'),
    ('40000000-0000-0000-0000-000000000003', 'JKL9101', 'Gol', 'Branco', 'Volkswagen', 1, '10000000-0000-0000-0000-000000000003'),
    ('40000000-0000-0000-0000-000000000004', 'MNO1121', 'HB20', 'Azul', 'Hyundai', 1, '10000000-0000-0000-0000-000000000004'),
    ('40000000-0000-0000-0000-000000000005', 'PQR3141', 'Renegade', 'Vermelho', 'Jeep', 1, '10000000-0000-0000-0000-000000000005');

-- Insert into RegistroEstaconamento
INSERT INTO registro_estacionamento (usuario_id, estacionamento_id, veiculo_id, data_entrada, data_saida, valor_hora, agendado, cancelado)
VALUES
    ('10000000-0000-0000-0000-000000000001', '30000000-0000-0000-0000-000000000001', '40000000-0000-0000-0000-000000000001', '2023-01-01', '2023-01-01', 5.00, false, false),
    ('10000000-0000-0000-0000-000000000002', '30000000-0000-0000-0000-000000000002', '40000000-0000-0000-0000-000000000002', '2023-02-15', '2023-02-15', 6.50, true, false),
    ('10000000-0000-0000-0000-000000000003', '30000000-0000-0000-0000-000000000003', '40000000-0000-0000-0000-000000000003', '2023-03-20', '2023-03-20', 7.00, false, false),
    ('10000000-0000-0000-0000-000000000004', '30000000-0000-0000-0000-000000000004', '40000000-0000-0000-0000-000000000004', '2023-04-18', '2023-04-18', 6.00, false, true),
    ('10000000-0000-0000-0000-000000000005', '30000000-0000-0000-0000-000000000005', '40000000-0000-0000-0000-000000000005', '2023-05-22', NULL, 8.00, true, false);

-- Insert into Pagamento
INSERT INTO pagamento (id, usuario_id, veiculo_id, estacionamento_id, valor, data_pagamento, forma_pagamento, status)
VALUES
    ('50000000-0000-0000-0000-000000000001', '10000000-0000-0000-0000-000000000001', '40000000-0000-0000-0000-000000000001', '30000000-0000-0000-0000-000000000001', 10.00, '2023-01-01 10:00:00', 1, 1),
    ('50000000-0000-0000-0000-000000000002', '10000000-0000-0000-0000-000000000002', '40000000-0000-0000-0000-000000000002', '30000000-0000-0000-0000-000000000002', 13.00, '2023-02-15 11:00:00', 2, 1),
    ('50000000-0000-0000-0000-000000000003', '10000000-0000-0000-0000-000000000003', '40000000-0000-0000-0000-000000000003', '30000000-0000-0000-0000-000000000003', 14.00, '2023-03-20 09:30:00', 1, 1),
    ('50000000-0000-0000-0000-000000000004', '10000000-0000-0000-0000-000000000004', '40000000-0000-0000-0000-000000000004', '30000000-0000-0000-0000-000000000004', 12.00, '2023-04-18 08:45:00', 2, 0),
    ('50000000-0000-0000-0000-000000000005', '10000000-0000-0000-0000-000000000005', '40000000-0000-0000-0000-000000000005', '30000000-0000-0000-0000-000000000005', 10.00, NULL, 1, 0);
